id,edad,genero,fecha_registro
1,40,Otro,2022-06-17
2,34,Masculino,2023-07-30
3,41,Otro,2023-05-31
4,50,Masculino,2022-12-12
5,33,Otro,2023-03-18
6,33,Otro,2023-03-01
7,51,Femenino,2023-08-10
8,43,Masculino,2024-02-28
9,30,Femenino,2022-12-15
10,40,Masculino,2023-09-06
11,110,Otro,2023-03-15
12,30,Otro,2022-05-09
13,37,Masculino,2024-09-03
14,16,Femenino,2022-05-18
15,18,Femenino,2023-11-24
16,29,Femenino,2023-02-21
17,25,Femenino,2024-02-21
18,38,Otro,2024-01-07
19,26,Otro,2024-02-27
20,21,Otro,2023-06-22
21,50,Otro,2022-03-20
22,33,Otro,2024-02-03
23,36,Femenino,2024-06-01
24,21,Femenino,2024-02-29
25,30,Femenino,2023-05-17
26,36,Femenino,2022-06-13
27,23,Otro,2024-02-19
28,39,Otro,2022-03-04
29,29,Otro,2023-07-12
30,32,Masculino,2022-09-05
31,29,Femenino,2024-03-25
32,54,Femenino,2022-09-02
33,35,Otro,2022-08-04
34,24,Femenino,2024-05-23
35,43,Femenino,2022-04-08
36,23,Otro,2023-03-21
37,37,Masculino,2023-08-12
38,15,Masculino,2024-03-09
39,22,Masculino,2023-03-25
40,37,Otro,2022-11-17
41,42,Femenino,2024-05-24
42,37,Otro,2022-02-11
43,34,Otro,2024-04-22
44,32,Femenino,2022-05-12
45,20,Masculino,2023-09-10
46,28,Masculino,2022-11-09
47,30,Otro,2024-08-10
48,46,Masculino,2022-03-11
49,38,Otro,2022-01-06
50,17,Otro,2023-10-15
51,38,Femenino,2023-10-24
52,31,Femenino,2022-03-08
53,28,Femenino,2024-02-25
54,41,Otro,2022-08-24
55,45,Femenino,2023-11-01
56,44,Masculino,2022-01-06
57,27,Masculino,2022-08-30
58,32,Otro,2022-12-14
59,38,Otro,2024-06-07
60,,Femenino,2022-01-09
61,30,Otro,2022-02-09
62,33,Otro,2022-06-10
63,24,Masculino,2024-06-06
64,23,Masculino,2022-06-30
65,43,Femenino,2023-02-22
66,49,Otro,2024-05-28
67,34,Otro,2023-04-03
68,45,Masculino,2023-08-28
69,39,Otro,2024-07-20
70,29,Masculino,2022-10-18
71,39,Femenino,2024-01-17
72,50,Masculino,2022-12-28
73,35,Otro,2024-02-01
74,51,Femenino,2023-10-02
75,9,Masculino,2022-08-08
76,43,Masculino,2022-09-25
77,,Femenino,2023-08-05
78,32,Femenino,2024-06-18
79,36,Masculino,2022-10-17
80,15,Otro,2024-08-11
81,33,Masculino,2023-07-18
82,39,Femenino,2022-10-08
83,50,Masculino,2023-05-05
84,30,Femenino,2023-04-17
85,27,Femenino,2024-02-11
86,30,Otro,2024-03-06
87,44,Femenino,2022-02-28
88,38,Femenino,2022-11-06
89,30,Otro,2022-04-28
90,40,Femenino,2023-12-10
91,36,Otro,2022-03-02
92,45,Otro,2023-04-11
93,28,Femenino,2022-02-05
94,32,Femenino,2022-12-04
95,31,Masculino,2022-01-12
96,20,Otro,2023-11-09
97,,Masculino,2022-02-04
98,38,Femenino,2022-07-15
99,35,Masculino,2022-11-13
100,33,Otro,2024-02-22
101,21,Masculino,2024-04-03
102,,Otro,2023-08-13
103,32,Femenino,2022-12-08
104,27,Femenino,2022-03-13
105,33,Otro,2024-07-05
106,39,Femenino,2024-07-05
107,54,Femenino,2022-05-08
108,37,Femenino,2024-06-16
109,38,Femenino,2022-09-17
110,34,Otro,2023-07-26
111,16,Masculino,2022-09-17
112,35,Masculino,2024-07-02
113,36,Femenino,2024-08-18
114,60,Masculino,2022-02-08
115,33,Masculino,2022-08-25
116,38,Femenino,2024-04-09
117,35,Femenino,2024-05-02
118,23,Masculino,2023-10-31
119,46,Otro,2023-06-16
120,43,Femenino,2024-01-19
121,43,Otro,2022-01-26
122,26,Masculino,2022-08-28
123,49,Femenino,2024-07-23
124,21,Otro,2022-05-12
125,41,Femenino,2023-11-06
126,57,Masculino,2024-04-07
127,25,Otro,2023-09-21
128,29,Masculino,2023-05-29
129,36,Masculino,2022-10-14
130,30,Femenino,2022-11-19
131,19,Otro,2022-04-18
132,36,Masculino,2023-11-16
133,24,Masculino,2024-09-04
134,40,Otro,2024-05-02
135,26,Masculino,2022-12-30
136,50,Masculino,2022-08-01
137,,Otro,2024-05-04
138,32,Otro,2024-08-09
139,43,Otro,2023-02-26
140,,Otro,2023-02-01
141,37,Femenino,2022-12-14
142,48,Otro,2023-10-02
143,19,Femenino,2022-06-25
144,37,Femenino,2022-05-08
145,38,Femenino,2024-01-29
146,43,Masculino,2024-04-07
147,23,Femenino,2023-01-16
148,22,Femenino,2023-12-23
149,40,Masculino,2022-04-06
150,38,Masculino,2024-03-01
151,38,Masculino,2023-12-08
152,38,Otro,2022-04-13
153,28,Masculino,2023-12-14
154,37,Masculino,2024-05-03
155,38,Femenino,2022-08-01
156,28,Masculino,2024-03-25
157,54,Otro,2024-08-31
158,40,Masculino,2023-02-02
159,23,Otro,2022-12-30
160,3,Masculino,2022-04-27
161,25,Masculino,2023-12-29
162,43,Masculino,2024-04-28
163,47,Masculino,2024-03-15
164,27,Otro,2024-07-11
165,45,Otro,2024-04-20
166,39,Femenino,2022-01-24
167,43,Otro,2023-02-20
168,54,Masculino,2022-02-24
169,33,Femenino,2024-02-16
170,27,Femenino,2022-08-15
171,26,Femenino,2024-06-27
172,27,Masculino,2024-08-22
173,34,Otro,2022-05-29
174,38,Masculino,2024-06-12
175,,Femenino,2024-05-22
176,43,Masculino,2023-09-16
177,35,Masculino,2022-06-11
178,50,Otro,2023-08-11
179,32,Otro,2022-09-03
180,62,Femenino,2023-08-21
181,41,Masculino,2024-02-08
182,26,Masculino,2023-08-11
183,24,Otro,2023-08-11
184,40,Masculino,2024-03-31
185,33,Masculino,2023-08-16
186,42,Masculino,2022-05-02
187,40,Otro,2024-08-25
188,34,Femenino,2023-09-17
189,27,Femenino,2024-02-23
190,20,Masculino,2023-04-10
191,31,Femenino,2022-04-19
192,44,Otro,2022-06-26
193,37,Otro,2023-04-21
194,23,Femenino,2022-12-02
195,37,Femenino,2023-02-25
196,39,Masculino,2022-12-14
197,26,Femenino,2023-12-24
198,37,Masculino,2023-02-02
199,,Masculino,2024-08-27
200,24,Otro,2022-03-06
201,39,Otro,2024-08-30
202,41,Otro,2024-06-28
203,46,Otro,2023-04-05
204,46,Femenino,2024-02-06
205,21,Otro,2024-06-28
206,26,Femenino,2022-05-11
207,40,Otro,2024-05-16
208,40,Femenino,2023-01-18
209,40,Masculino,2023-08-29
210,74,Femenino,2023-12-10
211,,Femenino,2023-08-19
212,46,Otro,2023-08-17
213,45,Femenino,2023-06-11
214,42,Masculino,2024-03-14
215,32,Masculino,2024-04-10
216,43,Otro,2022-04-15
217,27,Masculino,2022-10-25
218,33,Femenino,2024-03-17
219,30,Masculino,2024-04-26
220,36,Otro,2023-07-09
221,58,Femenino,2023-10-13
222,16,Otro,2024-01-24
223,42,Femenino,2022-10-31
224,19,Masculino,2024-09-13
225,30,Otro,2024-08-06
226,46,Otro,2022-05-06
227,36,Femenino,2022-12-01
228,24,Otro,2022-04-14
229,28,Femenino,2023-02-07
230,42,Femenino,2022-05-04
231,28,Femenino,2022-08-23
232,37,Femenino,2024-09-22
233,35,Masculino,2023-11-21
234,28,Femenino,2023-09-30
235,56,Otro,2023-01-01
236,,Masculino,2024-01-12
237,15,Otro,2022-09-18
238,37,Masculino,2024-06-21
239,28,Femenino,2022-02-16
240,44,Masculino,2024-04-02
241,27,Masculino,2022-03-16
242,34,Otro,2022-11-01
243,40,Otro,2024-08-08
244,44,Femenino,2023-12-25
245,23,Masculino,2024-01-29
246,32,Masculino,2022-03-12
247,30,Masculino,2024-09-20
248,28,Femenino,2024-05-02
249,53,Femenino,2023-04-01
250,39,Femenino,2023-11-09
251,22,Femenino,2022-11-12
252,44,Femenino,2022-09-14
253,56,Otro,2023-07-21
254,45,Masculino,2022-04-12
255,20,Masculino,2023-05-27
256,30,Masculino,2024-07-22
257,48,Masculino,2022-05-01
258,28,Masculino,2023-07-12
259,39,Masculino,2023-04-04
260,43,Masculino,2024-09-16
261,26,Masculino,2024-03-11
262,34,Otro,2023-10-14
263,3,Masculino,2022-08-22
264,25,Otro,2022-08-12
265,32,Femenino,2022-05-07
266,23,Masculino,2022-07-11
267,51,Femenino,2024-09-11
268,21,Femenino,2022-08-15
269,31,Femenino,2024-08-13
270,36,Otro,2022-12-21
271,49,Femenino,2022-05-08
272,21,Femenino,2023-11-16
273,47,Femenino,2023-06-18
274,35,Masculino,2023-01-27
275,25,Masculino,2024-05-03
276,40,Otro,2023-12-17
277,37,Otro,2024-01-15
278,,Masculino,2024-06-25
279,36,Otro,2022-02-21
280,31,Masculino,2023-05-06
281,,Femenino,2022-03-09
282,42,Femenino,2022-04-13
283,51,Otro,2022-10-10
284,23,Masculino,2024-05-10
285,56,Masculino,2023-05-21
286,15,Otro,2023-10-02
287,33,Masculino,2023-03-07
288,41,Femenino,2023-05-08
289,38,Otro,2024-03-29
290,29,Otro,2023-03-22
291,33,Masculino,2022-10-02
292,30,Otro,2024-09-27
293,29,Masculino,2023-07-07
294,43,Masculino,2022-12-10
295,39,Masculino,2023-08-30
296,28,Masculino,2022-12-01
297,44,Masculino,2023-10-10
298,38,Otro,2023-10-22
299,43,Femenino,2022-04-22
300,,Femenino,2022-04-07
301,27,Otro,2023-01-23
302,29,Otro,2024-05-30
303,42,Femenino,2023-01-08
304,41,Femenino,2024-09-14
305,35,Femenino,2023-06-12
306,36,Femenino,2023-01-03
307,99,Femenino,2022-09-19
308,29,Masculino,2023-08-06
309,40,Otro,2024-01-25
310,33,Masculino,2023-03-07
311,33,Femenino,2024-06-01
312,46,Femenino,2022-01-05
313,,Femenino,2024-02-17
314,43,Masculino,2024-08-28
315,48,Masculino,2023-11-10
316,35,Femenino,2023-03-07
317,42,Masculino,2024-06-06
318,32,Masculino,2024-01-23
319,38,Femenino,2022-06-08
320,,Masculino,2023-07-12
321,36,Otro,2024-09-17
322,41,Otro,2022-10-04
323,27,Otro,2022-05-20
324,56,Otro,2022-07-07
325,25,Femenino,2022-04-04
326,23,Femenino,2022-02-08
327,47,Femenino,2023-06-17
328,43,Otro,2023-05-24
329,,Otro,2023-03-27
330,41,Masculino,2022-10-12
331,35,Masculino,2023-05-26
332,26,Otro,2022-01-07
333,36,Otro,2024-09-12
334,28,Otro,2022-01-31
335,45,Otro,2022-07-09
336,34,Masculino,2022-05-05
337,27,Otro,2024-07-28
338,32,Masculino,2023-07-25
339,39,Otro,2024-01-20
340,29,Otro,2022-04-05
341,27,Otro,2024-04-11
342,37,Masculino,2023-05-14
343,37,Masculino,2023-12-04
344,30,Femenino,2023-03-20
345,30,Otro,2022-03-23
346,37,Femenino,2022-01-22
347,,Femenino,2023-04-06
348,21,Masculino,2022-01-26
349,28,Masculino,2023-11-01
350,33,Femenino,2022-04-08
351,38,Otro,2023-10-30
352,50,Masculino,2023-09-22
353,44,Otro,2024-03-04
354,33,Otro,2023-06-17
355,35,Femenino,2023-01-13
356,25,Femenino,2024-01-09
357,35,Femenino,2022-10-05
358,32,Femenino,2022-04-06
359,38,Masculino,2023-11-04
360,27,Masculino,2023-02-13
361,40,Femenino,2023-02-24
362,50,Masculino,2024-06-10
363,34,Femenino,2022-04-19
364,39,Otro,2022-02-14
365,42,Otro,2022-11-28
366,31,Otro,2023-06-01
367,37,Femenino,2022-12-27
368,35,Otro,2024-03-30
369,36,Masculino,2023-10-31
370,27,Otro,2024-02-01
371,,Otro,2024-05-09
372,,Otro,2023-07-20
373,50,Masculino,2024-01-01
374,45,Femenino,2022-05-13
375,57,Masculino,2023-04-13
376,27,Femenino,2024-08-09
377,44,Femenino,2024-05-18
378,37,Otro,2022-02-02
379,57,Femenino,2022-01-29
380,27,Masculino,2023-06-13
381,27,Masculino,2023-08-17
382,29,Femenino,2022-03-19
383,14,Otro,2022-06-14
384,30,Otro,2024-03-09
385,27,Masculino,2024-07-26
386,37,Otro,2023-08-18
387,38,Femenino,2024-07-11
388,54,Femenino,2023-08-22
389,45,Masculino,2023-04-26
390,29,Femenino,2024-06-06
391,26,Masculino,2024-01-18
392,40,Femenino,2022-08-05
393,22,Masculino,2022-06-11
394,53,Otro,2022-09-05
395,47,Femenino,2022-12-02
396,5,Femenino,2023-09-20
397,18,Masculino,2022-05-08
398,49,Masculino,2022-11-07
399,34,Femenino,2023-03-12
400,47,Masculino,2024-06-05
401,19,Femenino,2024-09-03
402,29,Otro,2023-01-17
403,35,Masculino,2023-05-15
404,35,Femenino,2024-09-01
405,30,Otro,2023-11-27
406,41,Otro,2022-07-22
407,24,Femenino,2022-06-27
408,34,Masculino,2023-10-23
409,36,Femenino,2022-08-10
410,40,Otro,2023-07-27
411,42,Femenino,2023-04-14
412,,Masculino,2022-06-09
413,20,Otro,2024-08-27
414,48,Femenino,2024-07-01
415,38,Masculino,2023-07-08
416,28,Otro,2022-03-04
417,51,Masculino,2022-07-02
418,36,Otro,2022-05-20
419,47,Femenino,2022-09-01
420,36,Masculino,2024-04-13
421,56,Otro,2022-07-08
422,53,Masculino,2024-07-04
423,33,Masculino,2023-05-04
424,45,Femenino,2024-07-15
425,41,Masculino,2023-02-08
426,49,Otro,2023-02-02
427,25,Otro,2022-04-09
428,42,Otro,2023-07-16
429,46,Otro,2022-08-28
430,17,Femenino,2022-05-16
431,23,Masculino,2022-01-07
432,15,Femenino,2023-07-29
433,32,Masculino,2022-09-15
434,42,Masculino,2022-08-05
435,50,Masculino,2022-09-05
436,36,Femenino,2023-12-14
437,51,Masculino,2023-04-01
438,21,Femenino,2022-12-20
439,18,Otro,2024-08-10
440,,Otro,2024-05-13
441,39,Masculino,2022-03-23
442,35,Femenino,2024-02-15
443,14,Otro,2023-12-09
444,34,Femenino,2024-08-10
445,22,Femenino,2024-04-24
446,42,Masculino,2024-07-01
447,39,Otro,2023-04-12
448,26,Masculino,2024-04-12
449,30,Masculino,2022-11-28
450,24,Otro,2022-06-09
451,34,Otro,2022-09-02
452,45,Femenino,2023-02-22
453,25,Otro,2022-07-10
454,40,Femenino,2022-04-08
455,30,Femenino,2023-01-31
456,27,Femenino,2023-11-07
457,34,Otro,2023-08-26
458,25,Masculino,2024-01-28
459,29,Femenino,2023-08-20
460,23,Masculino,2023-08-05
461,55,Masculino,2024-07-12
462,35,Otro,2024-04-02
463,28,Masculino,2023-03-30
464,37,Masculino,2022-06-06
465,34,Otro,2023-03-29
466,33,Femenino,2023-04-15
467,41,Masculino,2024-03-22
468,43,Otro,2023-05-12
469,30,Masculino,2023-10-03
470,29,Masculino,2023-08-26
471,32,Femenino,2023-08-03
472,12,Masculino,2023-09-05
473,20,Otro,2023-02-03
474,49,Masculino,2024-04-29
475,51,Femenino,2022-11-23
476,33,Femenino,2024-02-13
477,41,Otro,2024-06-11
478,38,Femenino,2024-08-14
479,66,Masculino,2022-12-30
480,46,Femenino,2022-02-20
481,34,Otro,2024-03-11
482,25,Femenino,2022-08-04
483,19,Femenino,2023-03-03
484,37,Femenino,2022-07-16
485,27,Otro,2023-05-26
486,21,Femenino,2023-08-10
487,29,Femenino,2022-09-11
488,24,Masculino,2022-02-21
489,52,Otro,2023-04-08
490,44,Femenino,2022-06-27
491,35,Otro,2023-04-30
492,50,Femenino,2022-04-11
493,36,Femenino,2022-06-23
494,26,Femenino,2022-09-06
495,50,Masculino,2022-12-18
496,40,Masculino,2022-01-23
497,25,Masculino,2023-04-29
498,33,Otro,2022-07-28
499,26,Otro,2023-11-03
500,,Masculino,2023-03-09
501,44,Otro,2022-01-04
502,54,Femenino,2022-03-15
503,21,Femenino,2023-05-18
504,41,Femenino,2023-08-21
505,28,Masculino,2022-08-08
506,30,Otro,2023-08-23
507,29,Masculino,2023-03-01
508,26,Otro,2024-04-28
509,35,Femenino,2024-07-29
510,27,Masculino,2022-04-02
511,38,Otro,2022-04-28
512,34,Otro,2022-12-11
513,33,Femenino,2024-02-05
514,,Masculino,2024-03-15
515,29,Masculino,2022-09-25
516,43,Masculino,2023-11-25
517,40,Femenino,2024-06-05
518,25,Masculino,2022-03-18
519,36,Femenino,2024-01-23
520,43,Femenino,2022-08-07
521,18,Femenino,2024-06-05
522,,Otro,2022-07-29
523,28,Masculino,2023-02-12
524,41,Masculino,2022-09-20
525,27,Femenino,2023-06-29
526,17,Femenino,2024-01-22
527,19,Masculino,2024-08-02
528,,Femenino,2023-05-22
529,38,Masculino,2024-06-28
530,26,Otro,2023-07-28
531,41,Femenino,2023-06-28
532,18,Masculino,2024-09-14
533,34,Femenino,2023-12-18
534,23,Masculino,2023-02-16
535,28,Masculino,2022-02-23
536,35,Femenino,2022-05-06
537,26,Otro,2022-09-07
538,31,Masculino,2023-03-22
539,45,Masculino,2023-06-13
540,29,Masculino,2024-08-05
541,43,Otro,2022-11-25
542,24,Otro,2023-06-22
543,40,Femenino,2022-08-15
544,49,Otro,2022-08-21
545,10,Femenino,2023-05-25
546,27,Femenino,2024-05-14
547,41,Otro,2022-09-26
548,33,Femenino,2022-04-14
549,39,Otro,2022-04-23
550,,Femenino,2023-09-08
551,36,Otro,2022-11-15
552,33,Otro,2023-07-04
553,47,Femenino,2022-03-20
554,38,Masculino,2024-04-22
555,38,Femenino,2022-07-15
556,31,Otro,2023-10-07
557,30,Masculino,2023-12-29
558,31,Femenino,2023-12-21
559,39,Femenino,2024-02-19
560,31,Femenino,2022-02-07
561,38,Masculino,2023-01-21
562,56,Otro,2023-03-28
563,44,Femenino,2023-03-09
564,32,Femenino,2022-11-22
565,47,Femenino,2024-04-15
566,31,Femenino,2023-10-10
567,15,Femenino,2023-11-13
568,25,Otro,2022-09-21
569,16,Otro,2022-04-12
570,31,Femenino,2022-01-18
571,35,Masculino,2022-03-31
572,52,Otro,2022-03-20
573,38,Masculino,2024-09-27
574,33,Otro,2023-09-05
575,43,Femenino,2023-09-10
576,13,Otro,2024-04-17
577,37,Femenino,2024-09-23
578,43,Otro,2022-02-27
579,20,Femenino,2022-06-06
580,46,Femenino,2024-08-03
581,38,Femenino,2023-09-15
582,31,Femenino,2023-07-19
583,41,Masculino,2023-01-18
584,58,Femenino,2022-07-17
585,,Masculino,2024-03-25
586,37,Masculino,2024-02-16
587,30,Femenino,2022-01-28
588,27,Masculino,2022-12-15
589,43,Otro,2023-04-16
590,26,Femenino,2022-06-12
591,36,Masculino,2022-12-20
592,30,Femenino,2024-09-01
593,40,Femenino,2023-09-03
594,38,Femenino,2023-11-25
595,45,Masculino,2023-01-13
596,30,Otro,2022-06-28
597,32,Otro,2024-04-13
598,25,Masculino,2023-09-15
599,31,Femenino,2024-08-26
600,39,Masculino,2024-07-19
601,43,Masculino,2023-03-23
602,,Masculino,2022-06-21
603,44,Femenino,2022-05-22
604,49,Masculino,2022-06-19
605,39,Femenino,2023-01-25
606,54,Masculino,2024-03-25
607,27,Otro,2024-09-26
608,23,Masculino,2024-01-19
609,17,Masculino,2022-01-21
610,50,Otro,2023-01-25
611,42,Femenino,2022-06-06
612,34,Femenino,2022-12-22
613,38,Masculino,2023-06-02
614,24,Otro,2022-01-16
615,59,Femenino,2023-11-27
616,36,Masculino,2022-11-09
617,36,Otro,2023-01-26
618,42,Femenino,2022-09-30
619,40,Femenino,2024-04-14
620,37,Otro,2022-08-02
621,27,Otro,2023-08-28
622,,Otro,2024-07-13
623,54,Otro,2022-08-12
624,48,Masculino,2023-01-03
625,51,Otro,2022-09-03
626,30,Femenino,2022-02-12
627,,Femenino,2023-02-07
628,34,Masculino,2024-05-02
629,36,Femenino,2023-03-25
630,46,Femenino,2024-09-23
631,18,Otro,2023-09-21
632,50,Femenino,2024-05-21
633,33,Masculino,2024-07-15
634,31,Otro,2024-05-08
635,25,Otro,2022-01-01
636,18,Masculino,2023-01-04
637,,Otro,2022-06-27
638,36,Otro,2022-11-03
639,22,Masculino,2024-01-23
640,22,Otro,2022-07-29
641,32,Masculino,2023-03-21
642,52,Masculino,2024-04-05
643,32,Femenino,2023-05-25
644,20,Femenino,2024-06-09
645,33,Otro,2023-02-20
646,32,Otro,2023-12-17
647,8,Masculino,2023-05-20
648,34,Otro,2024-02-23
649,33,Masculino,2023-05-08
650,42,Masculino,2022-09-09
651,53,Otro,2022-01-27
652,46,Masculino,2022-06-25
653,32,Femenino,2023-03-05
654,24,Otro,2022-08-22
655,61,Femenino,2023-07-15
656,36,Otro,2023-08-24
657,35,Masculino,2024-02-28
658,35,Otro,2024-03-24
659,37,Femenino,2022-12-14
660,34,Masculino,2024-08-19
661,,Otro,2024-09-17
662,30,Otro,2024-01-06
663,35,Otro,2023-11-02
664,30,Femenino,2023-06-13
665,28,Femenino,2024-07-10
666,36,Otro,2022-07-04
667,32,Masculino,2024-03-15
668,50,Masculino,2024-07-27
669,8,Femenino,2023-12-03
670,46,Masculino,2022-06-21
671,47,Femenino,2022-04-14
672,14,Otro,2022-02-05
673,32,Femenino,2023-06-26
674,31,Femenino,2022-02-10
675,21,Otro,2022-05-10
676,27,Masculino,2023-05-21
677,24,Femenino,2024-03-24
678,53,Femenino,2022-02-25
679,,Otro,2022-06-05
680,48,Masculino,2022-03-13
681,42,Femenino,2023-02-24
682,24,Otro,2022-07-23
683,30,Femenino,2024-08-24
684,40,Otro,2023-04-25
685,23,Masculino,2024-09-27
686,42,Masculino,2024-09-24
687,33,Masculino,2023-11-27
688,,Masculino,2023-05-21
689,42,Femenino,2022-12-31
690,39,Femenino,2024-02-06
691,31,Masculino,2024-04-06
692,47,Masculino,2023-05-17
693,24,Masculino,2022-04-24
694,41,Femenino,2023-11-08
695,41,Masculino,2023-04-03
696,32,Masculino,2022-05-30
697,38,Masculino,2023-05-22
698,22,Otro,2022-02-14
699,44,Masculino,2024-02-20
700,33,Otro,2022-06-15
701,30,Otro,2022-04-01
702,45,Masculino,2023-12-12
703,28,Otro,2023-11-29
704,21,Masculino,2023-09-04
705,19,Femenino,2022-10-20
706,41,Femenino,2022-12-29
707,22,Femenino,2022-11-09
708,53,Femenino,2023-05-16
709,14,Otro,2022-10-10
710,52,Masculino,2022-07-31
711,37,Masculino,2022-12-30
712,34,Masculino,2024-03-14
713,30,Femenino,2023-08-19
714,39,Femenino,2024-07-21
715,35,Masculino,2022-12-17
716,46,Femenino,2023-09-07
717,36,Masculino,2022-02-09
718,37,Masculino,2023-09-01
719,31,Masculino,2024-04-08
720,34,Masculino,2022-02-27
721,38,Masculino,2023-05-19
722,18,Masculino,2023-03-28
723,22,Masculino,2022-06-02
724,42,Femenino,2022-07-14
725,37,Masculino,2022-03-31
726,33,Masculino,2024-08-08
727,35,Femenino,2022-05-03
728,38,Femenino,2023-10-13
729,30,Femenino,2024-06-12
730,27,Masculino,2023-12-10
731,37,Otro,2023-08-11
732,25,Otro,2022-01-14
733,39,Femenino,2023-04-30
734,18,Otro,2023-03-18
735,45,Femenino,2023-04-14
736,40,Masculino,2022-10-07
737,38,Otro,2023-06-01
738,,Masculino,2024-04-21
739,52,Otro,2024-04-12
740,45,Masculino,2023-03-22
741,,Otro,2023-08-27
742,22,Masculino,2023-12-20
743,29,Masculino,2024-01-31
744,35,Otro,2023-10-01
745,40,Masculino,2024-04-21
746,28,Masculino,2023-12-09
747,37,Masculino,2022-11-12
748,27,Otro,2023-05-08
749,29,Otro,2022-06-16
750,21,Masculino,2024-05-01
751,26,Masculino,2023-09-02
752,21,Otro,2022-12-28
753,25,Otro,2023-04-03
754,46,Masculino,2022-12-27
755,26,Masculino,2023-10-23
756,61,Masculino,2024-04-10
757,40,Femenino,2023-08-20
758,37,Otro,2024-06-26
759,26,Femenino,2023-03-04
760,42,Otro,2022-12-23
761,29,Otro,2023-07-07
762,,Otro,2023-09-15
763,61,Otro,2023-07-26
764,34,Otro,2022-06-05
765,46,Otro,2023-09-13
766,28,Otro,2023-07-23
767,35,Femenino,2024-02-06
768,53,Masculino,2022-12-18
769,29,Masculino,2022-11-25
770,53,Femenino,2024-09-14
771,42,Femenino,2024-02-11
772,29,Femenino,2022-04-24
773,41,Femenino,2024-02-09
774,45,Otro,2022-06-10
775,41,Masculino,2022-04-23
776,19,Otro,2024-04-11
777,28,Masculino,2024-06-23
778,33,Masculino,2024-06-08
779,34,Femenino,2024-03-02
780,41,Otro,2023-10-18
781,37,Femenino,2024-02-17
782,22,Otro,2023-05-12
783,39,Masculino,2023-07-07
784,41,Femenino,2024-03-09
785,41,Femenino,2024-05-11
786,46,Masculino,2024-05-09
787,43,Masculino,2024-08-06
788,40,Masculino,2023-04-04
789,34,Femenino,2023-09-13
790,18,Otro,2023-06-22
791,39,Femenino,2024-07-24
792,37,Otro,2024-08-16
793,38,Femenino,2022-04-17
794,22,Femenino,2024-05-24
795,24,Masculino,2024-07-29
796,46,Otro,2024-06-14
797,35,Femenino,2024-04-17
798,42,Femenino,2024-02-19
799,35,Masculino,2023-07-12
800,35,Masculino,2022-11-20
801,44,Otro,2022-02-22
802,30,Femenino,2023-08-17
803,36,Otro,2024-07-04
804,30,Femenino,2024-02-21
805,31,Otro,2023-01-03
806,32,Masculino,2023-10-19
807,37,Femenino,2022-02-16
808,30,Otro,2022-07-25
809,48,Masculino,2023-03-11
810,26,Masculino,2023-08-13
811,33,Otro,2022-05-12
812,,Femenino,2022-06-07
813,49,Femenino,2022-03-30
814,37,Masculino,2022-03-14
815,45,Femenino,2022-04-18
816,20,Femenino,2022-07-11
817,38,Femenino,2022-02-28
818,44,Masculino,2024-06-29
819,36,Otro,2022-08-12
820,46,Femenino,2022-05-07
821,30,Masculino,2022-06-13
822,49,Masculino,2023-10-23
823,58,Otro,2023-09-21
824,31,Femenino,2022-12-29
825,31,Femenino,2024-04-13
826,50,Otro,2022-02-03
827,51,Otro,2022-11-20
828,30,Masculino,2024-08-24
829,31,Masculino,2022-05-27
830,32,Otro,2022-06-11
831,22,Femenino,2024-02-23
832,26,Masculino,2024-02-29
833,25,Masculino,2024-04-28
834,27,Femenino,2023-02-13
835,35,Masculino,2023-12-21
836,37,Femenino,2023-12-05
837,51,Femenino,2022-06-17
838,,Femenino,2022-03-14
839,45,Otro,2024-08-08
840,33,Otro,2022-05-17
841,35,Otro,2023-01-09
842,42,Femenino,2023-03-02
843,24,Femenino,2023-06-11
844,39,Otro,2024-09-21
845,37,Masculino,2024-01-22
846,40,Femenino,2023-04-12
847,38,Masculino,2023-04-02
848,60,Masculino,2023-03-19
849,29,Femenino,2023-03-24
850,30,Femenino,2024-04-21
851,29,Masculino,2023-04-18
852,29,Masculino,2022-07-11
853,29,Otro,2023-11-12
854,47,Otro,2023-02-11
855,49,Femenino,2022-11-27
856,29,Otro,2024-05-08
857,27,Otro,2023-03-16
858,40,Otro,2022-11-19
859,29,Otro,2022-03-05
860,120,Masculino,2022-11-26
861,37,Femenino,2022-07-21
862,20,Otro,2024-08-08
863,50,Masculino,2022-01-26
864,53,Masculino,2023-02-02
865,29,Masculino,2022-07-08
866,31,Otro,2022-08-01
867,38,Otro,2024-05-01
868,38,Femenino,2022-05-09
869,42,Otro,2022-05-05
870,55,Otro,2022-05-04
871,33,Masculino,2022-08-01
872,27,Femenino,2023-05-16
873,21,Otro,2024-06-14
874,28,Otro,2022-09-28
875,35,Masculino,2023-06-18
876,53,Masculino,2023-05-07
877,30,Otro,2022-06-08
878,37,Femenino,2023-12-12
879,35,Femenino,2022-12-10
880,47,Masculino,2024-07-03
881,60,Masculino,2022-01-09
882,30,Otro,2024-06-12
883,30,Masculino,2023-11-06
884,,Otro,2022-11-13
885,42,Femenino,2022-02-06
886,53,Femenino,2024-01-05
887,41,Otro,2023-08-13
888,31,Masculino,2024-01-05
889,41,Femenino,2023-10-16
890,46,Masculino,2023-12-26
891,43,Femenino,2024-02-24
892,40,Otro,2022-08-31
893,46,Otro,2023-04-11
894,47,Otro,2023-01-05
895,49,Femenino,2022-12-12
896,41,Masculino,2023-07-24
897,33,Masculino,2024-05-05
898,36,Masculino,2022-07-10
899,47,Femenino,2023-06-28
900,,Femenino,2022-09-27
901,39,Femenino,2023-09-12
902,,Femenino,2024-03-30
903,,Femenino,2024-06-12
904,48,Masculino,2024-07-12
905,37,Femenino,2022-12-12
906,35,Femenino,2022-08-17
907,21,Masculino,2023-12-31
908,42,Femenino,2022-06-23
909,41,Masculino,2024-08-23
910,57,Masculino,2022-04-06
911,32,Otro,2022-03-12
912,37,Otro,2022-12-03
913,37,Otro,2023-04-04
914,51,Otro,2023-09-12
915,34,Femenino,2024-07-29
916,38,Otro,2023-02-11
917,41,Masculino,2022-09-28
918,37,Femenino,2022-12-27
919,31,Otro,2024-04-29
920,37,Masculino,2024-06-17
921,46,Femenino,2023-04-02
922,25,Femenino,2022-06-12
923,36,Otro,2023-09-10
924,28,Femenino,2023-05-04
925,,Masculino,2022-09-03
926,20,Femenino,2022-11-10
927,29,Masculino,2022-06-27
928,39,Femenino,2024-05-03
929,51,Otro,2024-03-12
930,34,Masculino,2022-06-01
931,29,Femenino,2022-12-30
932,54,Femenino,2024-02-24
933,21,Femenino,2024-02-07
934,13,Masculino,2023-10-19
935,39,Masculino,2024-08-11
936,30,Masculino,2024-07-12
937,25,Otro,2022-09-25
938,42,Otro,2023-11-09
939,,Masculino,2022-01-23
940,29,Femenino,2022-03-25
941,22,Otro,2022-10-31
942,44,Masculino,2023-05-22
943,42,Femenino,2024-07-31
944,34,Otro,2023-01-31
945,53,Femenino,2022-11-13
946,24,Femenino,2022-09-10
947,20,Femenino,2023-10-04
948,,Femenino,2023-11-22
949,35,Otro,2023-06-12
950,37,Otro,2023-04-14
951,33,Otro,2023-12-23
952,39,Masculino,2023-06-01
953,22,Otro,2022-09-26
954,49,Femenino,2022-09-28
955,34,Otro,2022-09-01
956,46,Femenino,2023-10-21
957,38,Masculino,2024-08-12
958,40,Femenino,2023-04-04
959,41,Femenino,2024-05-11
960,39,Femenino,2023-03-10
961,41,Masculino,2024-06-26
962,48,Otro,2023-07-11
963,37,Otro,2023-03-01
964,42,Masculino,2024-08-06
965,34,Femenino,2024-09-24
966,49,Otro,2022-12-25
967,28,Masculino,2023-10-17
968,53,Otro,2023-10-24
969,35,Masculino,2023-06-06
970,21,Femenino,2024-02-16
971,36,Otro,2023-06-17
972,28,Masculino,2023-09-28
973,43,Otro,2022-11-02
974,,Otro,2022-06-07
975,,Otro,2023-09-17
976,16,Otro,2022-05-23
977,30,Masculino,2024-03-16
978,11,Femenino,2023-12-06
979,19,Masculino,2023-04-23
980,43,Masculino,2023-05-01
981,43,Masculino,2022-07-15
982,39,Femenino,2022-09-21
983,25,Otro,2022-08-30
984,35,Otro,2024-03-29
985,35,Otro,2022-07-10
986,23,Femenino,2023-09-05
987,,Otro,2023-10-09
988,44,Femenino,2022-09-11
989,33,Otro,2023-09-24
990,35,Otro,2022-07-10
991,37,Masculino,2023-03-17
992,15,Femenino,2024-02-02
993,33,Masculino,2023-02-03
994,28,Masculino,2023-04-29
995,25,Masculino,2022-08-27
996,32,Femenino,2022-07-03
997,53,Femenino,2022-02-09
998,41,Otro,2023-12-06
999,29,Masculino,2024-02-12
1000,41,Otro,2024-04-24
